Id,Label,name,friendsCount,followersCount
23283603,zomato,zomato,7,1571031
72481380,deepigoyal,Deepinder Goyal,11,582271
873644383165435000,arcomedys,Savage,657,32415
1176953263184400000,Sahilarioussss,Sahilarioussss,996,27552
114203360,MehulFanawala,Mehul Fanawala,5218,27527
21843174,albinder,Albinder Dhindsa,893,17889
390602999,Social_Samosa,Social Samosa,93,41712
1214507121909220000,Chai_n_love,Chai Kadak ‚òï,3429,36529
862339384678518000,whysaloni,Saloni Mittal,762,24793
1397629124173200000,highonsaudade,Shirin Sharma,1029,26321
988362975617601000,zomatocare,zomato care,15,63012
974261491636387000,Awwwchallllll,Aachal üå†,511,15607
1298868025697770000,ArchieeAgarwal,Archie Agarwal,649,8927
193260163,TheWriterWoman_,Manasi Shah | Rajmata,2702,8107
838879686797090000,allindiamemes,All India Memes,695,55780
1183634323,malikgarv,Garv Malik,1711,9060
292159076,sajcasm_,Sajcasm,2726,6780
866959946927177000,sumairashaik,sumaira shaikh,277,12067
481968108,ayushshukl99,Ayush Shukla,1110,9921
1244851747375290000,RanaMishka,MISHKA RANA,403,32655
15170758,harshamjty,Sriharsha Majety,182,23591
1570390796192590000,Kriteeaaa,Kriti Sharma,21,2
1637920874669000000,CHiNKuK39116929,CHiNKu Kumar,5,0
911228743737212000,Vikas_soulful,Vikas chaudhary,93,8
1561713698938710000,AkankshaMali3,Akanksha Mali,66,7
1637899000320760000,ArshadA62679967,Arshad Ali,7,0
32332988,kunalb11,Kunal Shah,1319,770664
1459126464931000000,Ashneer_Grover,Ashneer Grover,18,271756
1660202983,Nithin0dha,Nithin Kamath,151,518797
22596514,AnupamMittal,Anupam Mittal,628,208999
16489912,bhash,Bhavish Aggarwal,503,426283
87419705,rajshamani,Raj Shamani,452,301140
95042637,VaibhavSisinty,Vaibhav Sisinty,306,112820
31501423,gauravmunjal,Gaurav Munjal,3958,107323
2150865564,vineetasng,Vineeta Singh,1544,116258
2314914986,amangupta0303,Aman Gupta,66,247813
8806712,BeingPractical,pj,561,101821
63066473,championswimmer,Arnav Gupta,1534,29783
37151522,banglani,Ritesh Banglani,2518,41896
135227064,1kunalbahl,Kunal Bahl,948,284139
57267301,rajeshsawhney,Rajesh Sawhney üáÆüá≥,1195,52832
35745089,sbikh,Sanjeev Bikhchandani,1938,46613
91881021,upadhyay_harsh1,Harsh Upadhyay,2290,29746
44572832,viditaatrey,Vidit Aatrey,269,50092
223110908,RajanAnandan,Rajan Anandan,750,89427
2611218758,Venkatblr107,Venkatesh Adikesavan,615,24
1637949891677700000,khinmg_shw72410,Khinmg Shwe,16,0
775215200,anmolgandhi007,Anmol Gandhi,340,44
1614335490316190000,keshav_ag_10,Keshav Agarwal,243,0
1059882075866640000,FerozKhann7806,Romeo_1014,180,1
1631603229308880000,ArpitM1003,Arpit Mittal,85,0
794446133670113000,Pritammourya4,Pritam mourya,8,4
1637917212429410000,Kristin45432490,Kristine Gustafson,7,0
1577985676301450000,JallanSristi1,Sristi Jallan,80,2
970314474195439000,banjodeiyowun,Banjo de Iyowun,855,16
1637125683737660000,mikey3alt,mikey3alt,129,0
2943523231,kumarpraveen97,Praveen Choudhary,63,10
3193332397,krishnkantswn,krishnkant kumar,389,48
1502671904783560000,DhinojaThe,Rajan Dhinoja,37,2
1479156045050040000,Yme811,Yash Mohan,133,31
1511306735310360000,Devansh27691223,Devansh Agrawal,79,2
1513144898299760000,alok_agrawal_20,Alok Agrawal,109,8
3134972347,mahimasharda201,Mahima Sharda,54,25
1582430046698240000,purequalitymart,purequalitymart,99,1
757073036734373000,coolkals,Kunal Kalra,389,11
1637870285587110000,rohitsi37171916,rohit singh,114,0
1367890959623670000,pglfmc,Pankaj Pramanik(https://pglfmc.com/Dubai GlobalHQ),159,79
93810294,vicked_ashi,Ashish Vicky,1926,151
1482368319202420000,4Vlogging,Pandeyudit004,133,5
1543445139548470000,SunilSh49072544,Sunil Sharma,1203,108
1147776386943180000,FaizanK__575,Faizan Khatri,61,4
1637880070910910000,kadrulislam57,kadrul islam,33,0
1637382997820280000,Shreedh17353518,Shreedhar Bhat,16,0
456942931,akshay_in,Akshay Gupta,345,47
1144486170690060000,Karthik25291199,Karthik,2885,208
1635946341904910000,snackingindia,Snacking India,23,1
1637863351085850000,Jashoba71441600,Jashobanta Patra,104,2
65343897,agrwlNIT,Nitish agrawal,110,76
1198443379253600000,Rushike34522093,Rushikesh Gaikwad,344,9
1637812925736910000,Shanedeevar,Sam Reynolds,103,6
1637860221652700000,DeveshB49339715,Devesh Bhardwaj,65,4
1622975521033430000,mishradilip171,Dilip Mishra,2704,110
973584276024385000,anxushsharma,Ankush Sharma,57,136
1604002078023910000,Shivanii_96,Shivani,107,66
245705302,MunishPundir25,Munish Pundir,110,55
450442657,mohitbhansali91,Mohit Bhansali,4144,354
1275054045460170000,santanusweta,sweta Mohanty,1751,261
1023629769055850000,manusharmu,manu,389,42
1637844801000470000,oneev26723,Monica,29,0
1632547692827240000,clocknes,‡§ï‡§∂‡•ç‡§Ø‡§™,100,66
1628220088515170000,Lakshma60434968,Lakshman Kumar,368,27
1635184239640560000,kripash61569433,kripashankar mishra,455,3
1637636121055070000,AKASHYA83931190,AKASH YADAV,126,0
1540992585006710000,2minuteK,SANJAYKUMAR MEHTA,398,17
1434971864279830000,ji_amarstwt,Amarjeet Singh,113,3
70162453,Snehal1404,Snehal Khemani,63,13
1637052725132240000,Satya62789,Satyabrata gangai Gangai,21,0
113264052,SurajK_,Suraj Kanchan,655,310
1637735647225020000,humamraza7860,Humam Raza,19,0
1012699243,sasinganesh1,sasinganesh,554,35
876792334758813000,Shubhamsj111,Shubham jaiswal,175,3
1637783231700380000,Yogeshdm130,Yogesh d m,16,0
1636718910824210000,RodkfkifJ,Rohit @,20,0
1228258916825320000,Pravinargade18,Pravin Argade,185,24
1566442206151710000,RYJadekar,Rohit Jadekar,58,7
1611321522752290000,MekdiSole,Mekdi Sole,17,1
1467880600618940000,Mukherjee_ar,Arpan MukherjeeÓ®Ä,160,10
1558002513605180000,rahulspatel91,RahuL PateL,239,0
1619368096518520000,MapmakSoftware,MapMak Software Solutions,395,38
1587732428461850000,SmmboCom,smmbo.com,2659,305
1402525681955650000,DigitalKrishanu,Krishanu Choudhury,144,114
1286146566781140000,itsMordhwaj,Mordhwaj Verma,88,35
767938700,Sandeepsingh039,sandeep  singh,117,3
393355095,trohit901,Rohit Tiwari,134,22
1386341632711150000,Tamilarasan1303,Tamilarasan,9,1
1206562110274070000,iamvarunguru,Varun Guru,299,46
1637753116371080000,bhardwaj_a93425,Aamit bhardwaj,6,0
1604743682363510000,the_mdfazal,MD Fazal Mustafa,249,179
778640480368074000,Garul7295,Gnanaarul.C‚ö°‚≠ê,722,20
1631135577906240000,kumara_pahalada,‡§™‡§π‡§≤‡§æ‡§¶ ‡§ï‡•Å‡§Æ‡§æ‡§∞ ‡§™‡§π‡§≤‡§æ‡§¶ ‡§ï‡•Å‡§Æ‡§æ‡§∞,1139,142
1585600189582050000,VashisthaJaya,JAYA VASHISTHA,94,0
771172928,Moonguy92,Anonymous,2015,30
1637736234461150000,arjunvswa,Arjun V,17,0
1637734136390580000,ShreeramBh93860,Shreeram Bhai,94,3
1636761423299720000,NishantDas95257,Nishant Das,13,1
2388713736,JayeshG081283,Jayesh Patel (JP),271,80
1514896252093180000,motimehta789,R K Jain,628,15
288275756,Chinmay_masur,Chinmay Masur,249,23
1554415457440250000,GangaDa61526294,Ganga Das,21,1
1431924281240260000,Krishna07059138,Krishna Dev Tiwari Tiwari,61,0
1637714505080920000,AkashKaramli,Akash Karamli,14,0
1637713218356240000,LarbinRong17475,Larbin Rongpipi,14,0
97495278,rahulkanungo,rahul kanungo,465,16
2297307786,punamprafulla,Punam Prafulla B,312,19
1240690031645170000,AlokKum25320746,ALOK KUMAR,2145,268
1542455757731290000,RajKuma41248691,Raj Kumar,112,2
1445062750162460000,SanuDhere,sanu dhere,96,1
1411238327857160000,NitinMairale5,Nitin Mairale,153,8
98674001,Vinny708,Vinay verma,43,10
1479100531796700000,Kamal_Singhji,Kamal Singh ji,3102,1212
860885514831790000,prasannayr18,Prasanna YR,268,23
313224866,PriithuM,Priithu Murarka,487,90
1395787451105360000,Neelesh83675804,Neelesh Jhariya,498,21
1456171142025140000,JyotiSa23,J üå∏,978,1836
1607596191109500000,AbhijitBamane7,Abhijit Bamane,257,0
1251249806,NaymaHasanDiana,Nayma Hasan Diana,771,68
2758489933,mi_vav,Vaibhav Misra,321,8
729658443800453000,GK2227,gokulakrishnan,735,7
791660630,Trisha_981,Trisha Malakar,87,51
1622153705335420000,CrystalBullD,Crystal Bulldog,316,4
1623011553753840000,zeusdigi,Vikram Karthick Kannan,33,0
328411920,balwantpanchal,Balwant panchal,2729,600
1637627468096860000,MitraPriyakumar,PRIYAKUMAR MITRA,24,0
1130900718,BhargavRavat,Bhargav Ravat,474,69
264985836,rao2p0,rao2p0,891,47
1607383899021410000,DipakRakshit11,Dipak Rakshit,100,2
1326432849625420000,medha_mukerji,Medha Mukerji,209,104
1395355247145480000,nmyogi2807,Nayan M,82,23
1637605850734030000,DasKopl29073,Kopl Das,54,0
2438706865,mdnuruzzaman99,Md. Nuruzzaman Khan,763,34
720956067648118000,BhumikaMotiwala,Bhumika Motiwala,214,5
3229994821,navneetsaxena25,Navneet V saxena,4234,87
1637548616813520000,manoj3887,Manoj Singh,14,0
1548928385233350000,vinaypatel2468,VINAY PATEL,24,1
1445090943753860000,SanketUbale14,Sanket Ubale,30,2
1504418124128730000,pbp18441,Mike,77,2
2514553801,vguppi7,Guppi vinayak,468,22
1542573902492070000,monkyseemonkyd0,monkey üôà,1459,44
1215168834904050000,SyedAij50913533,Syed Aijaz ALi,20,0
1511292471485120000,madhawaedu,Madhawa Edussuriya,2947,203
1637526278629880000,Ali21Crazy91337,Crazy Ali21,5,0
1230675908014430000,pol84958499,Polko,58,0
1637522642893670000,nlathiya565,Nirav Patel,485,8
121011438,ASHOKSARAWAGI,ASHOK KUMAR SARAWAGI,175,29
1414306112766020000,goanbynature,goanbynature,54,0
925496598653784000,IamAdityaBhatia,Aditya,93,9
1600070868440610000,RameezMeman,rameez meman,38,0
1505189705456910000,SudarshanHarad1,Sudarshan Gopalakrishna Haradur,418,0
734432197155770000,WalkingEarthnow,The One who Knows,488,132
1187683183216610000,PRATAPJENA_,PRATAP KUMAR JENA,35,580
1227515238087410000,ankurmehta011,Ankur Mehta,457,28
1500488005450330000,MaheshP2122,Mahesh Prabhu,27,1
1256464911368150000,ROHITRA04462335,Rohit Ranjan,218,10
1637487922050990000,Nareshlodhi1998,Naresh Lodhi,18,0
1544286748477640000,dr_ajay_purani,ajay purani,43,0
1578206329809810000,PANKAJPARKHE151,PANKAJ PARKHE,562,33
2936089897,rajivsingh_11,Rajiv Singh,3993,466
1637421684109040000,JerkIndian00021,indian jerk,56,1
1637496679237840000,Dharmesh704525,Dharmesh Pandey,55,1
1250353051451310000,vikas1517,Hardik Sharma,44,8
740061020,singh_nike,Abhimanyu Singh,72,2
1593562365748210000,Gajendr68430137,Gajendra Swami,2,0
132461064,deepakbari3,Deepak Bari,196,54
177895034,voiceofCM_India,Madhu D H,1203,126
1637474506469000000,SathvikShe97151,Sathvik Shetty,13,0
1569921258548240000,AnchalS50503949,Manoj sharma,85,3
1637478356282220000,SonikaPara27054,Sonika Parashar,22,1
1593230300741430000,Shubham23018ss,Shubham Mali,34,0
1585879702543030000,Aditya_Hapaliya,ADITYA HAPALIYAüî±,206,14
1451964508944030000,vanjara_hardik,Hardik Vanjara,91,0
2311481395,kattaPrathap,katta prathap,33,3
1612856230451760000,SharltonStann,Sharlton Stann,20,1
947789538,shreyesmohanya,Shreyes m,926,50
1293586943003850000,Avinash47510634,Avinash,18,0
1591006169715250000,YOGESHM95921366,Baliraja Krishi Bahudeshiya Sanstha,72,1
1613345532088570000,Jitendr32039242,Jitendra Kumar Rajvanshi,419,44
1467165467282340000,MdShahb91297363,Md Shahbaaz,136,2
1636354555834180000,asiatradz,AsiaMatters,272,3
1469448379310620000,UdayVungurala,Uday prakash vungurala,195,10
1390067325089590000,kolawolebolaj23,kolawolebolaji,533,49
1457432411587760000,deepkhatri19692,Deep Khatri,18,0
2989372120,nimjema,Mangesh Nimje,410,14
1637425347875550000,RamChoudhr32931,Ram Choudhry,17,0
1226343190950660000,VishuHadake,Vishwajeet Hadake Ó®Ä,140,48
1637414041831210000,AayK9622024354,Aay K,13,0
1637412658008790000,amiyasaha008,Amiya Saha,39,0
1399745287715900000,ArunavoChakrab4,Arunavo Chakraborty,933,132
1575498671465970000,Philip8Akande,Akande Philip,243,2
1308787073130860000,Santosh49197862,SŒ±…≥∆öœÉ Ç‘ã KœÖ…±Œ±R,3462,533
1637401984570400000,RohanSonwane05,Rohan Sonwane,39,0
1425206665196930000,_mohdfaiz_mf_,Mohammad Faiz khan,28,3
104424572,vishnupatekar,Vishnu Patekar - Your Technology Partner!,1015,159
987617155347722000,Krishnahahahha,Krishna Vardhan,356,14
1558024980923030000,omkar_avasare,Omkar Avasare,42,1
1207613209043050000,hallendevid,hay,197,16
3147983058,ikpsgill1,Dr Gill,819,137469
117800926,HaramiParindey,Pakchikpak Raja Babu,413,154018
178358867,swatic12,SwatKatüíÉ,438,132860
3809480178,xavierunclelite,Xavier Uncle,7541,97347
912253176,meme_ki_diwani,Shivani,707,48308
3868003454,EducatedMoron,The Educated Moron,688,54559
1262307757945840000,MSDianAbhiii,Abhishek,996,28494
957742375,RomanaRaza,üáÆüá≥ ÿ±ŸàŸÖÿßŸÜÿß,259,58657
755672251832217000,theprayagtiwari,Prayag,389,44930
1703902436,NeecheSeTopper,Neeche Se Topper,699,37103
1028152356137880000,Memeswalaladka,rozgar_CA,1066,13363
62766520,Madan_Chikna,Godman Chikna,497,132904
1361669091157710000,kadaipaneeeer,Shubh,986,21772
720844501804167000,Sassy_Soul_,Aditi.,485,70624
128529833,Puneite_,Prithvi,1675,16409
1315900388457930000,shibhhuu,Shibhhuu,311,19591
744478728651079000,Pagal_aurat,Tweet Chorüëë,290,30107
871636560256487000,shivani_yaar,Shivani,3309,28791
1355525185609150000,daalmakhniiii,S.,887,28803
1635703457813230000,Pb05Pov,Pb05POV,232,8
1622294878700060000,AdnanKh05550934,Adnan Khan,473,8
1219809595750670000,NikhilA26615071,N,59,0
1636515460010180000,__HEISEHIJE2,EHIJEüí´,178,7
908185016026374000,imSachinvirat,stewie griffin,101,24
1294945546931580000,anjalig22,üçÇ,576,0
1613844272381580000,sana_sonar,Sana Sonar,374,230
1363147146480860000,AlokDas_17,Alok Das,594,11
1185802680045730000,mondal_sandhay,sandhay mondal,58,9
1269973483359890000,Shivoham,Shivoham,1755,1988
1637486375019630000,feisty_fuwn,Tsan,45,1
1415535414090370000,losersmindset,Losers Mindset,16,7
1635445438118520000,imravisgh,Ravi,78,0
1217107521652970000,chandnee__,GracYSta≈ô,449,50
889875840917532000,Rishabh74835716,Rishabh Rao,977,880
1558872400481070000,arham_dehelvi,Arham dehelvi,38,2
1505812165403490000,XindumYT,X1ndum,887,181
1636086832093080000,imparulchopra,Parul Chopra,70,7
1260217377515540000,_foring,FORING Ó®Ä,4666,197
2636153538,macandcheesish,trying to be mysterious,4304,13732
1713623575,aneesmasoodi4u,Anees Masoodi,380,104
1339541314854100000,JahnaviVaish,Jahnavi_Vaish,135,1
849091859326566000,themkaiq,Qureshüç∫,290,112
1579897201236800000,spiritualvodka_,Nisha Srivastava,101,1
1637354520559910000,PiyushB81,Piyush Banerjee,134,1
1624973103435600000,SamiUllah357786,Sami Ullah,181,4
904080350564859000,NirvidhPatel,nirvidh,649,33
1637422041887540000,Sandeepd1418,Sandeep Dalal,318,3
1483723648095910000,toxic_girrl,MemeWaliChhori,31,0
1068325652888050000,calm_vishu,ABD,693,95
1304530714151400000,thegauravjain_,Gaurav Jain,2218,1022
1548109980154620000,Ark11_11,Ark,342,16
1565253512815980000,simdafo,MSD,369,0
1406593686293540000,pratham8001,Dark hum≈çr,2410,61
1402986200227400000,theotherhassan,ÿ≠ÿ≥ŸÜ,170,0
1636227589705480000,BreezeboyGO,breezeboy G.O,194,10
1635919878078040000,choudharyh95,harsh choudhary,47,3
1058892246525890000,bussinNav,nav,87,19
1445098937421940000,justnottamomma,Shikha Pruthi Gupta‚ú®‚ú≥Ô∏è‚ô•Ô∏è,392,5300
1384394555508750000,49Yadnesh,Yadnesh`49,7,0
1177115540,vivek_anant,Vivek Anant,671,92
2657838880,SagarTathode,Sagar Tathode,1197,33
1295995228298580000,Arindam16803674,Arindam mandal,1737,24
1510158332950150000,AkinkunmiWaris,Waris Akinkunmi,204,23
2283326648,prakdadlani,Prakash Dadlani,1872,157
1329254091063650000,Harshal45199359,Harshal,82,27
114180327,hemanshu1909,Hemansshu Paatel,940,63
1384012213870940000,samguy3103,Samyak Jain,142,42
1085257524066930000,SwakkharNandy,Swakkhar Nandy,71,432
1272097637089460000,nerdy_naman,Naman,418,6
1637009774293270000,ashwanisoni964,Ashwani soni,143,3
1859629136,by2tea_,‡≤™‡≥ç‡≤∞‡≤µ‡≥Ä‡≤£‡≥ç | Praveen Ó®Ä,960,924
1636705432549870000,b_himanee,Himanee Bhadane,25,0
1622254231716770000,yaartubhinaa,The Guy Next Door,2558,280
1569762693304950000,Dhrm652002Singh,Dharmendra Singh Rajpurohit,347,13
1636554198782480000,harshiiittt,Harshit K,493,2
1607097745814450000,Zeher_11,üí´,271,8
1608751089763120000,MR_NITISH_JI,–º—è.Œ∑Œπ—ÇŒπ—ï–Ω,227,149
1591019509284240000,rptShkl3,ùêÄùê´ùê©ùê¢ùê≠ ùêíùê°ùêÆùê§ùê•ùêö ‚ô•Ô∏è,194,8
1617343283897990000,Arkizatyourdesk,Arkaprava Bhattacharya(LarryDArk),366,14
1631987306054790000,AaravSi91455940,Aarav Singh,44,0
1473331598305070000,Saumya034500161,Jolie,451,7
1576281131078380000,SrujanK95,Srujan Kumar,207,7
850056460415455000,RFatima__,Rida.,428,25452
1466811161668630000,mee_di23,MD,256,21
1636472434558640000,NalubegaJo55628,Nalubega Josephine,132,2
912334589103763000,LaskarAbbi,Abhijit Laskar,514,9
1457317456821640000,Payal_Dcosmos,Payal Sharma,385,1197
318990117,AnshujGupta,Anshuj Gupta,138,15
1136911100027390000,Rimi2129,Rimi_üòç#OurBloomingYouth 2/6 tvN/Viki,491,97
1357285458179280000,vijayjitendas,Vijay Jiten Das,20,1
908911134043914000,dukhlord,Raghav,194,195
1209042510749650000,saksham_akku,Saksham Tiwari,131,8
1608102021642550000,benon_okwi,‚ú® NASDAQ üá∞üá™ ‚ú®üóΩüìà,931,435
1635944961911700000,RajatSingh38442,Rajat Singh parihar,76,4
1636695289598820000,nauutankii,Kaafi,14,2
1610880241,sujitzugare2,sujit zugare,1605,212
1621803557459740000,Pr76805861,Priyanka,59,0
69643687,manishbalani,Manish Balani,2062,58
1522265872135440000,Himanshiii_T,Himanshiii Tripathi,44,4
1570371697340980000,BVelogs,Bahzad,28,39
974937108203831000,khari_bat,bebak,421,16
1075069201377830000,therdmeme,‚ö°R D üìñ,678,14870
1508491950856730000,Dutta18Deb,Debarshi Dutta,214,6
1608493530674090000,fatima_Ahmed71,Fatima Ahmed,249,25
1636539540440590000,mihgostosinha,Mih gostosa +18,113,6
1245683055655710000,northa_13,Uttara Shrivastava,334,43
1636568599178400000,sanyaa_r6,sanyaa.ahaa,28,0
813990598575149000,diksha_sp,Diksha Patil,125,4
1636530564575400000,Ranjeet18215433,Ranjeet Ranjeet,44,2
1490751224299220000,Sant52961774,Sant,1281,34
2912606494,UmarUsmanNasidi,S A R D A U N A,3462,196
1623949658983620000,AbramOkiror,Okiror Abram,111,4
862328100050358000,bhargavt9,bhargav.t,1763,47
1564993710353390000,DavidMi18111792,David Miller,262,5
1226895735687270000,mayank_twts,Mayank Verma,1109,1994
1458278154607360000,veerio08,Kushagra Veer Singh,225,8
1636186565587210000,Deep_1045,Deep singh,298,15
1635376060450710000,Mrnotsofunnyguy,A,38,3
1618883307424600000,HetviChauhan12,Hetvi Chauhan,46,0
1635619834321870000,SinghAnuj30621,Anuj Singh,14,2
1309789897297800000,chaii_garamm,Chaitanya,133,62
1581982146763190000,MUJAHID2201,POSTING SHIT,75,6
1257164308028420000,MohitBalwal1,Mohit Balwal,59,3
1357543056363320000,officialrajume1,official raju mehra 786,129,6
1636383271927050000,MushiweMuwezwa,mushiwe muwezwa,96,4
1596711012274610000,AtulyaM99297069,Atulya Mishra,182,42
1555492250138080000,PopeyeLegend,Tweeter,550,17
1634611106948730000,Vaibhamg_75,Vaibhav MG,98,1
1351353060220490000,Nandan88933468,Nandankumar,524,21
856155868274020000,VoraTanay,Tanay Vora,57,21
1228346801276820000,AbdulRahmanSh87,Abdul Rahman Shah,63,9
280892445,arpit5ingh,Arpit,110,78
1185099201434170000,Anteryamiiii,Sumit‚ú®,300,1451
2998431577,luckycool077,Bhupendra Singh,131,22
1357011101934770000,westrangers1,we_strangers__,72,11
822475044865638000,Nadir_Nizar1,Nadir Shah,2780,128
1635502427544720000,NaveedK12267657,Naveed Khan,217,5
1585310143633410000,Mtha__,Mtha,703,153
1593838498724780000,azhantweetss,AZHAN,63,1
1425682609900720000,SRKz_Deep,·¥ç Ä.·¥Ö·¥á·¥á·¥òÓ®ÄìÄ†,503,258
1145679483996740000,shethb01,B Sheth,163,8
917838633188520000,Kevinoza55,Kevin Oza,31,30
888243813663129000,shashvat_barot,Shashvat barot,471,72
1260281628921920000,mehakisfun,Dr. Mehak,746,3443
1635667276212090000,kanhagokul5,"‡§ï‡§æ‡§®‡•ç‡§π‡§æ, ‡••‡§∞‡§æ‡§Æ ‡§ï‡•É‡§∑‡•ç‡§£ ‡§π‡§∞‡•Ä‡••",145,37
1635578661272160000,EricsonZin40901,Zino Ericson,170,15
1600377652988500000,0Viku,Liker_ Hoon,359,12
1636085646274980000,lakshitaa2615,lakshita,18,0
1634820144881880000,ayushmishra_18,Ayush Mishra,60,3
1547972776174420000,Itsmady4,M√†dy,119,29
1636004288005580000,MultiSpeedy,Multi Speedy,15,0
1620631984073770000,Sangam56050468,Sangam,56,1
3080411125,AnkitaSoharia,Ankita Soharia,378,8
412408412,Dabbu635,kalua,1470,79
1529768286266990000,Uday775026514,Uday,1243,94
1352458477487090000,Rishabh58335762,Rishabh Tiwari,182,11
1586283301093850000,gaadiudanewala,Fugga,73,3
1636001410683630000,Honeycoomb45057,Jen Honeycoombe,5,0
1496159880754780000,Mdhv0506,Madhav Soni,30,1
1635936382026760000,Roy_nishu99,Nishu,31,1
1635974944159820000,AmerjeetNi96304,Amerjeet Nishad,12,1
1555224217033270000,JSahithipriya,Sahithiiiii,326,36
1622853003329030000,raah_mein,Raah Mein,30,0
1632595327424290000,MrVicky37213706,Mr Vicky,19,0
3725920951,KaroBargain,KaroBargain.com,241,1295
1635748150181800000,vaghela_0805,Krisha Vaghela,7,0
1536047911276000000,dhwaniisoni,Dhwani,167,194
1336196472,KadvaSaeed,saeed kadva,3127,317
1450039508959850000,namsslayy,ùìùùì™ùì∂,3624,205
1635248547997130000,slayersuraj,Suraj Kumar,75,3
1304298558791710000,_sayon___,Sayon,156,42
1621030803970060000,Akku04033245,Akku,19,6
1635563601183250000,tiwarisaysalot,Shubham tiwari,97,7
1634564336755820000,Souravwav,Sourav,31,1
1454855768407250000,mehulll294,Mehul,123,12
1263118301200350000,Abhi2282000,Abhishek Bhargava,694,26
1634096313871780000,iamsreewidhya,Sree Widhya,75,7
859735821309665000,Navneet8145,SONU,434,50
1459827846394880000,JumaNight,Night Juma,58,0
1635674173245620000,kunal_swai26668,Kunal Swain,20,0
1551882721546230000,xanda2002,Dr,1007,87
1635648562254990000,giridhar171760,Giridhar,402,5
1427237100789710000,ROHANDATE17,ROHAN DATE,131,16
766295815522492000,pg_sarin,Pragya,715,406
1635613361789440000,ShivamK7668940,Shivam Kahar,17,0
1537229455973740000,SuspendedSavy,·É¶,23,3
1633316674156850000,Ashutosh89679,ashu,68,1
933372201197170000,Anonymo40894927,Twisted Mind,47,11
1303010075007620000,_sowhat____,lame dump,150,108
1632140601410950000,Muhseen_Abdoull,muhsin abdulhamid musa,50,3
1635527038416060000,sk9625955109,Sonu Kumar,25,1
1635527736562270000,RaviPra42160885,Ravi Prajapat,13,1
1609101756323230000,anirahmed024,SportsWOOD,234,5
2900373475,durgadsingh,Durga Dutt Singh,3869,410
1635009461440900000,iamsnurff,iamsnurff,248,5
1259044143092780000,srishtigargg,srishti,363,31370
883366500312260000,Sharmajikaputtr,Harshit Sharma,682,13381
774402015703302000,djfrankkie,vipin,537,12394
1340853221980550000,teawithtiwarii,shivangi tiwari‚Å∑,383,14673
298497139,givemesamosa,manav,865,5423
1205659496053270000,Anushkanayakk,billi,1490,18995
3944425932,niquotein,nikhil,774,23321
59087197,kocharpulkit,Pulkit Kochar,658,9126
1349391696732110000,aashishsarda07,Chai-Shai,930,9758
1274334078628530000,clumsyninja0905,Elon Mast,1262,10694
1406087060495110000,almondhalwa,not sonam bajwa,642,34257
1154291628607010000,lordchuron,Jaskaran,984,7236
1223224870130960000,sadboihoursonly,the great depression,570,31100
1248686022197550000,babubisleriiiii,Laila,1599,2926
1177529461358480000,momoskhanehaibc,Peaky Balwinder,3092,4230
1256319795890400000,socialsiyappaa,Simmi,431,13955
1095270055498010000,SurtiChurti,Baba Yaga,712,5188
1160596127298670000,beyondankita,Ankita ‚ô°,393,13655
1613883630098710000,bedimansix,Mansi bedi,23,0
1068040105644900000,SattvikMalghe,sattvik malghe,2934,70
2897385326,bolojaldi,Pankaj,4046,214
1369690141728460000,ka_V_ran,Karan,100,6
1637667670136060000,madhurimamyla08,madhurasridhar,35,1
1637538170010210000,aye_mamu,liza maybe,159,25
1563876578375130000,doremonkimaa,name,267,21
748818879091126000,HeroHeeraLal_,Sarthak,29,3
1637756076081680000,mngwevu_m19217,Nontobeko Mngwevu,284,16
1637030853384740000,Levi_IsBlessed_,Levi,205,4
1280707196876190000,SurajKamble1998,Suraj Kamble,352,40
3138333895,venkateshbanot5,venkey,1355,82
1568836859249440000,reetu_rl,reetu.rl,13,2
1459275682987450000,BinayakPanda,Binayak Panda,854,2
849786343349682000,Vatsanilanshu02,Nilanshu vatsa,28,9
1633872545870130000,thats_lokesh,Lokesh Pandey,35,0
922737340996448000,padhle_yaar,Shivüî±,572,2421
3309967603,sanjaybhardwaz2,sanjay bhardwaz,286,42
841227279606902000,hassan_rizvi99,Hassan,881,890
1635996180214690000,sad__boi_hours,Sad_Statpadder,29,1
1488768974804300000,Thridham3,Thridham,81,3
1465789227669630000,mapirle,Fred Mapirle,1894,1865
1637461438452120000,allieshaa_,Alishaaaaaa,202,17
1512216093741710000,anshuman_arun,Anshuman Arun,553,47
1414192243221540000,raj616872,Raj,3979,315
1268916572321710000,Aditisoni0,Lily...üåº,570,268
1390503243734610000,hereyou23,ALI!,2937,307
1547782992998800000,ojjeskk,::,2617,122
1637351944355470000,deepss69,deeps,398,6
1583072061152310000,ShreyyaMishraa,üïä,218,252
1026049965217310000,hyolill,phoenix,1017,35
1475742676632750000,JaAnish789,harty7,599,16
1462093070959320000,pawarful_,Aayushi Pawar,373,209
1636122724056670000,Kya70924665Kyaw,Kyaw Kyaw Htun,327,4
1000311446738090000,homieskeepchill,Shubham Arora,195,11
1628046331062400000,tinuganesh,tinuganesh ganesh,912,17
716384642924871000,kunj_talwaria,Kunj Talwaria,513,19
1617387815486220000,aaasthaaaaaaaaa,Aastha Shukla,218,81
1429702425934400000,whois_rishab,‡§ã‡§∑‡§≠,392,21
1536356337457560000,Optimus1098,the unsaid.words,127,7
1355008220025150000,Nitu65478011,Nitu,572,7
1305356628112280000,abhikhushai,Abhilasha,150,0
1275832705393890000,toxichaste00,rahool,39,1
1619282385287380000,Shah_arcastic,Maahi,981,66
793734678205370000,humorash,Ashru,335,1110
798796227814912000,VinayP011,Veer,1205,116
1620476434618930000,TigerShane4,Tiger Shane,79,6
1521622710069370000,_shutupNtweet,Sambhavi Misra,733,559
1598668376213440000,lustlouer,LusTLoveR¬Æ,2865,156
1610704623475600000,mfalisa149,Alisa Stewart,467,36
2993051432,ChittoorLokesh9,Lokesh Kumar Chittoor,769,12
1496530896781860000,vanshikapainu20,Vanshika Painuly,361,349
1637135066060190000,EchoJewels,echo jewels,158,8
3010299148,vidzyvibes,Vidz,927,196
1141676484530070000,satyamkr100,satyam,802,71
1078324517393480000,Berealinlove05,pizzawithpasta,376,8
1481641694231920000,janvihasija03,JANVI HASIJA,101,30
1637120774581670000,Ab_tak_chhapan,Abtakchhappan,70,1
1256488477601870000,the_lad_one,SHAHID,1543,183
1280841007823670000,lanceraltt,vardhan,237,47
1392838548089310000,okaysarthak,son of dio brando,116,30
1216904153076760000,stutiraii,Stuti Rai,458,11608
1460881581699060000,thecodergirl_,Dependent Variable,171,18
1300685041601630000,thinkinabt_u,Shiv Sharma,311,37
1127944542026480000,kachhhabaadam,DJ Almond,3098,147
1291933842677210000,PINKINANDI3,PINKI NANDI,87,15
1042599050736880000,im_saurabh_here,saurabh rai,290,242
1519224386842390000,Lucifer76889516,Lucifer,178,6
1187253092833610000,iamchetanpednkr,chetan Pednekar,602,301
4538316017,jamesneo89,dr@james,1987,97
2832649129,Vedzpah,Chamchikey,450,19
3236543790,sanatani_lad,‡§ï‡§™‡§ø‡§≤ ‡§â‡§µ‡§æ‡§ö üáÆüá≥,456,496
3231412614,mmahenthera,Mahenthera,4409,123
1438816840281510000,AteendraTripat3,Ateendra Tripathi,493,17
1385166677852090000,Suyog20890101,Suyog,1222,32
1558430456064150000,jessyyy________,Littlegirl,26,0
2326540189,hhpatel14198,Himanshu patel,4244,753
1621366618071890000,TheGame092__,the game,337,10
1477945221170090000,shrimansavage,Lakhan ü™∑,1293,3300
1557643404074690000,Santanu07788302,Santanu Das üáÆüá≥,296,30
1360185183702370000,Subh_eeeee,Rajma chawal,193,409
3007699398,imvishal59,Vishal,1844,216
1466063141729710000,Arjunnsharmaaa,Arjun Roy Kapur,758,1618
1416005230295080000,DisgustedHooman,Jahnavii,178,42
1404677072816060000,desaiii_iti_183,itiignoresyouu,240,1207
1636278245829090000,khushikhabri,Khush,32,1
1636731427789190000,nirjaaaaaaa,Nirj,48,20
1554797043343790000,Anurag2899,Anurag Chaturvedi,683,26
1486929595777830000,Pratham_eesh,Prathamesh,109,11
1633911886378070000,Slave_Btm_22,SLV btm üòà,270,46
1540449077418400000,exitbnsl,AB,302,1919
3025972130,TheTJ69,üëëüçüLord Potatoüçüüëë,571,197
1630978397139790000,MdmonjilH,Mdmonjil Hossain,356,83
1450035550627370000,ThakurssChauh10,Shyamendra Singh Chauhan,657,19
1083428622998940000,xo_innit,hriday_xo,160,45
1635575513791040000,ajeebhaibhai,Piyushaha,49,4
812221513348870000,trex_krish1,Krish Raj,3610,6083
1596590907872220000,nrc_naveen,NaveenNRC,1268,2
1477247382223940000,paradoxgeni,saluja,178,57
1511718474896180000,RakeshB69280059,Rakesh Borse,64,1
1636664376735170000,SanjuDhali82647,Sanju Dhali,356,6
2989775560,bitchexpertise,Priyanka K,74,80
1271321374317960000,tftaraa,Tara,483,15249
1583869203177610000,deepalidwaraka,deepali,91,1
1636404770146760000,Enigmawhen,üåª,155,0
1382989598750500000,shhaa_am,Ô∏é Ô∏é,286,28
1465645283434360000,papafrankuchill,limca,76,0
1316773922285580000,surabhigeet,Geet,401,220
946455680,Sspofficial95,Dr.Sonu Singh Prasanna,441,342
3171812144,iamrahul6667,rahul,219,30
1447988762789630000,_Singhrahul__,Rahul Singh,538,1
1636411069072830000,IceColdTrey7,IceColdTrey7,134,1
1630869581043580000,RajaWas23684077,Raja Wasim,612,62
1568157959599050000,L_0l5,Manish üáÆüá≥,1478,59
1635555856476500000,SwapnilBansal__,Swapnil Bansal,38,0
1631688336598240000,harjeet86840741,harjeet Singh,63,3
1636337727409990000,maingungunihun,Aisha Thapliyal,35,1
1636224912699400000,AmolKu1karni,Amol Kulkarni,174,7
866205278,khalid7940,Khalid Khan,3054,1255
1560632433816600000,ShaziaJutti,Shazia jutti,1666,14905
929002044278444000,lyricistuddhav,Uddhav choudharyüáÆüá≥,169,7
1428821239548700000,Rawatpriyanka_,Priyanka.,612,35
1622753756730510000,Tiyaaa404,Tiyaaa,86,0
1268067645653420000,ayeshasharif_,Ayesha,614,4661
1636174908764850000,abhishe74872878,abhishek gupta,61,4
1384831187529570000,mnvsgr,Manav,97,3
1400089682872990000,SagerBwr01,Sager Singh007,2335,56
717291568156135000,abhishek_ojha21,Abhishek Ojha,404,62
1377103236692240000,Delhiite8,Delhiite,475,18
1621149938012010000,unusual_idiot,Chao Meow,126,9
1349314991753600000,naikmystery,A N,200,74
1635877349622150000,aggrawalcaters,Hitesh Agrawal,841,264
1336849760037170000,parodypandey,Parody Pandey,1764,216
1314238694,a_kneetha,jeenekehai4din,575,319
1517537883355500000,Sarveshh_Patel,Sarvesh Patel,662,368
1454656970472900000,sexybitch5021,cutieeehu,113,0
1312326272568060000,Amiraj_10,Gotnothingg :/,277,124
1635738358742760000,RajeshK75131809,Ashish Kumar,570,12
1635723982740810000,random543473960,random,128,4
1585105795435590000,learnket,sank,475,34
1572473919076170000,chamandattech,Chaman Sharma,3441,2668
1598537842564590000,Tiwari_Tweets18,Yuvraj Tiwari,34,6
1432937879961960000,D_i_y_a_1,diya,173,1
1618897956886970000,PaddyArya1,Paddy Arya,47,11
1630898291390000000,bluebubbles39,Blue,73,1
1559121947187090000,SunilBh13891483,Sunil Bhoi,1678,98
2711761951,meraperspective,Pravin,751,28158
1247416453927550000,Sachinnfacts,Sachin Kothari,4073,8719
860183344302182000,Uttupaaji,Uttkarsh Singh,455,16230
330087420,jrryjs,Jerry Jose,969,14763
1374311735746710000,MahimaJalan2,Mahima Jalan | Personal Brand Builder,379,22992
1242786271975490000,krishnaeyee,Krishna Maheshwari,425,16663
1420443351254400000,FafdaJalebie,Aarchi Gandhi,716,28047
848950304,aaraynsh,Aaraynsh,3532,7677
1497918672056480000,MonikaP34435512,Monika Pandey,379,9161
1355401501707880000,In_Sane_Saint,Ashish Jain,126,18775
1332047374739370000,Gunn_Gunn28,Gungun Agrawal,550,6878
1386391491057230000,takeiteasyUrvy,Urvashi Gormatüå∏,261,17575
1507957066278710000,palak_agrawalll,Palak Agrawal,498,9636
471961454,divyaappathak,Divya Pathak,410,8383
1934619894,_hrithikn,Hrithik,470,6191
348424987,shivamnow,Shivam,3745,6746
1620814012442360000,AbhiDix36367825,Abhishek Dixit,846,185
1637807261962710000,PPatelgangaram,Payal,78,1
1636784157660520000,SaifulI74948377,Saiful Islam,38,1
1427986361848450000,shivams94021769,shivam singh,329,9
1618310529365470000,Tora__27,Mohammad Daud,765,17
759106545451954000,natakumar9,Nata 007,792,69
1548259432785900000,PandyNikhil,Nikhil Pandy,322,6
1447926988124070000,sujal_khantwal,Sujal Khantwal,507,14
3046652084,ParamSiddharth,Param Siddharth Manu (ëÇ£ëÇ©ëÇß),4077,917
16438898,NealSchaffer,Neal Schaffer | „Éã„Éº„É´„Éª„Ç∑„Çß„Éº„Éï„Ç°„Éº,45004,229117
1537277858627740000,ujjwalmirzapuri,ujjaval kumar,75,7
1290316718074540000,MontuPurohit101,Montu purohit,644,5031
1371051511921260000,Kumarshubham006,shubham,223,32
1106283276,sagarguptta24,sagar gupta,1066,133
1621119455131730000,natashakhan204,Natasha Khan,367,91
1493643140599000000,LalBannachhage1,chhagendrasingh,304,16
1350415949506040000,abhisingh075,Abhishek Singh,646,350
1419712087740220000,SiddDarwade,Siddhya,141,8
1416376212188930000,rashmisingh056,Rashmi Singh,1647,717
1337059589439820000,DarakDisha,Disha DARAK,42,5
42842368,akmarathe,Akshay Marathe,767,257
1347891432447620000,Varun_connects,Varun Sreenivasa,1586,102
952251937365278000,VirtualSparsh,Virtual Sparsh,322,20
1511658127464090000,Shivammmmmm11,“ë—¶Œ∑—¶  ù—ó—ó—ó,459,129
1627915754388730000,dangersmiles,Dangersmiles,324,45
1508730184098540000,its_animesh04,ANIMESH SINGH,44,11
1629365790947550000,organicbamboo12,organicbamboo,1269,393
1505253749941540000,MohamedAguiyab,Mohamed Aguiyab,2842,321
1621038383421350000,ipsy_potlia,Ipsy Potlia I Copywriting I Email marketing,216,28
1634549911978110000,nayab_noob,teamofcoxcopedia,91,0
1495728638699840000,shivani57975861,shivani rawat,17,1
1149930514112900000,Abhishe01794149,Abhishek Chandel,1337,33
3295153088,sushant4573,RANDOM READER,446,47
700585381578715000,yashwebdev,Yash Soni,178,40
774826924161929000,ashreyaagarwal,Shreya,108,2
1349619738872180000,_preruuu,Prernaaa,161,131
1601519354004520000,alok_says__,ALOK ‚ù§Ô∏è 2.0,111,92
305009455,SHUBHAMMOONAT,CA Shubham Jain,824,1037
1621810154751780000,awais75386900,Muhammad awais,3240,290
1635856199978450000,KunalKu58931061,Kunal Kumar,86,16
739174760,shailendrap02_g,SHAILENDRA PANDEY,817,75
1637100956369160000,MdAnbar6589342,Md Anbar,543,10
1636013143552930000,nehapandeyy964,neha pandey,102,13
3193535792,sang_raam,Sangram Mohanty,449,7
3100050108,anilkamathstock,Anil kamath,127,52
1529885826426860000,BHARATC03225189,‡™≠‡™∞‡™§ ‡™ï‡´á ‡™Ü‡™Ç‡™ú‡™£‡™æ(‡™Æ‡´ã‡™ú‡´Ä),2323,223
1621179360345750000,SumonBi95058008,Sumon Biswas,286,36
1082004020,azeem_siddiqu,Ahmad Siddiqui,159,21
1484237392215400000,piyush10_kumar,Piyush Kumar,682,9
1565190133191960000,nenukaadhu1,nenukaadhu,161,9
1628472459623280000,vickykumar_offl,Vicky Kumar,170,19
3945159612,malikfirdouscr1,Dr.Firdous Ahmad Malik,3367,411
1175441328412460000,sara_ndeshi,Sarafina,838,231
1636767297942560000,vadini_,Vadini,170,8
19220417,SecretDiary,Secret Diary,32256,40054
34099627,HelloSherrySims,Sherry Sims,5598,7108
1139816990695010000,ManojGodse3,Manoj Godse,308,22
1244138807101770000,Gaurav_wrldwide,Gaurav_worldwideüåü,1090,2004
2897048110,andronov04,Andrew,1608,723
1637489756773940000,softmitraa,Soft Mitraa,4,0
1379039866034380000,SaiKavyaReddy,Kavya ‚ú®,2526,168
1582021930894310000,anmolguptanepal,Anmol Gupta,374,33
1363227172635250000,SassySadiya,Sassy Sadiya,25,12
1424397794396210000,ResidentFashion,ùêëùêûùê¨ùê¢ùêùùêûùêßùê≠ùêÖùêöùê¨ùê°ùê¢ùê®ùêß,1377,1034
917339672,PAULIEWOOD,PAULIE PAULIEWOOD,2059,305
1636219772319810000,nickey_kas30464,Nickey Kashyap,214,25
14843640,RajatGupta85,Rajat Gupta,350,556
1574694633476840000,joee0016,jeeraricewithpaneermakhniüå±,122,71
1568283255366970000,btkamu111,‡§µ‡§ø‡§¶‡•ç‡§∞‡•ã‡§π‡•Ä (⁄©ŸÖŸÑ€åÿ¥),94,42
1637306186130230000,SaloniK89194874,Saloni Khandelwal,62,1
1228079370448880000,TudoracheAleja1,Tudorache Alejandro,1442,303
1452341745912450000,BDevang1,BDevang,1038,53
1555365082241980000,abhiijeetingle,Abhijeet Ingle,28,7
102685575,mc2nice,Musa Odoma,1021,100
1631956789473200000,TheKingJimmi,Jimmi.eth,267,91
1526520767893990000,wizard_01010,harsh sharma,317,26
1636198537393250000,RaadhakrishnaR,Raadhakrishna R,435,22
1391457720797070000,Shohum01,Soham Mishra,151,17
710419197008830000,udit1211,udit vyas,160,46
1569870961,shapestonec88,Shappy Stoney,1682,255
1597512601029800000,Sanacreatives,Sana Shafique,467,26
1618913152770670000,EminentScene,Rohit kumar,773,19
1603209768730060000,bhabhor20_raju,Raju Bhabhor,253,6
1046302782041410000,oye_brainchod,OYE BRAINCHOD üß†,1463,288
942285988054810000,hasemohosemo,hasemo hosemo,1303,46
1275316753250140000,Polapan2,Polapan,132,64
51993285,whatrohittweetz,Rohit,177,116
1447913108765220000,deekshithaar13,Deekshitha Reddy,250,32
1234856900140740000,saurabhkr98,Saurabh Kumar,537,22
1852120736,IGaganBindal,Gagan BindalüáÆüá≥,3905,867
1596541898822650000,SaradaHota1,Sarada Hota,115,0
1632981918491740000,AsifAsi63313012,Ahil Raza Ibrahim,426,27
1440637325768150000,chiragtweetss,Chirag Ajmera,108,38
877971877091696000,AnshulS2402,Anshul Sharma,1675,84
914109847498580000,devildada_007,Saurabh Sharma,144,68
2296496252,dharmendra530,dharmendra,499,8
1530195645902070000,stfu_ishu,Ishikaüí§,1098,2328
1636079508355670000,NikhatJaha74936,Nikhat Jahan,631,30
1636256281433440000,SanjaySard55686,Sanjay Sardar,155,2
1521413896795470000,techmantle_,Ishmael D.O,443,189
1496193049025650000,ROHANSH32699011,ROHAN SHARMA,1940,3
3303428567,InvestsinAI,AI ChatGpt,336,52
815206260580745000,JassimSaji,Jassim Saji,133,30
1547145037401780000,pratik__goti,pratik goti,150,13
1602713463444440000,ndombele254,Ndombele,1555,71
4360494136,ManvirMindset,Manvir Singh | Growth Mindset,72,204
1636364069522530000,iBinilbenny,Binil Benny,57,2
73449263,IndianFriends,Humans 2.0,4035,8667
1637123994829870000,Shivraj26092002,Shivraj Salunkhe,74,2
1264924443899350000,thenucleardoc,Ashish Acharya,826,255
1593472588516580000,owais_08,MD OWAIS SHAIKH (Youtube Growth & Brand Building),62,9
1362331991517980000,beingmks_,Jai Shree Ramüôèüèªüö©,788,32
1637077388579170000,Aarohi362299108,Aarohi,28,4
1632384601162400000,nani9874,Nani,171,6
1635874901729980000,buzzpradhuman,Pradhuman Sharma,581,61
1525601180453420000,Pahari_voice,Shashi U,190,580
1629712664070060000,SagarSh25551927,Sagar Sharma,500,12
211807874,aditya_dhopade,Aditya Dhopade,193,30
1547026346961820000,InfoCorner_12,Info Corner üôè,658,10
1017066644512930000,AnojYad40772388,Anoj Yadav,1558,130
1452928402403380000,7Bbskm,Su¬©Ô∏èil(üñ§)‡¨∏‡≠Å‡≠Æ‡≠¶‡¨≤,1262,42
1569722837686160000,Dinho35090376,Dinho,2411,99
1636945902685370000,kgattani70,Krishna Gattani,54,2
990123776900710000,godson_vishal,Godson Vishal,278,4
1464461950415420000,LubnaWahad1996,Lubna Wahad,72,4
1442672697603870000,TimChilcott3,TheUrbanMonk üå∏,527,312
1636984080741850000,vishal151031697,vishal,35,0
1091578335442880000,jaiswaldpk21,Deepak Jaiswal,333,3
1622962027869380000,MdAbdulKaderMia,Md Abdul Kader Mia,964,188
1403079211955410000,VaneesaAlex,Vaneesa Alex Goga Official / Graphics,1580,234
1021046820271680000,starshipgazer_,:,1837,298
827435099763441000,AjitGunge,Ajit Gunge,467,20
1636967117315770000,itz_aht,AHT,49,1
1299278169304770000,Mayank85656210,Mayank,533,77
1635770487341990000,AlpineI_ch,AlpineI,203,3
1472217348580920000,prakhyath_452,Sundaragiri Venkata Prakhyath,278,9
1538694096767680000,RaviMah15390593, Ä·¥Ä·¥†…™ ·¥ç·¥Ä ú·¥Ä·¥ä·¥Ä…¥üáÆüá≥,1079,105
1636378832143020000,_sAuxh_,sAuxh,86,5
1572483401416060000,jadok_jd,Jd Jadok,1063,40
900253176,SBenhoff,Shelley Benhoff üëë,10257,11835
1570716924971210000,UmeshChandekar9,Umesh Chandekar,221,7
1442017112344590000,Saurav_Bais,Saurav Singh,214,5
1636816788129230000,JaredDocred,Jared Kipchirchir,27,0
1357191327461510000,araka_vatsa,Araka Vatsa,2770,354
1458739087540690000,FireMywill_,Sherrii ‚ú®,5006,842
1599591362726280000,Ahammedsakib34,Ahammed Sakib,752,145
791161238596255000,TheChrisBaden,Chris Baden,2432,517
3124272918,DhirajMarshainy,Dhiraj marshainyüåïüåòüåú,2274,1075
1614515180742020000,HindaviCircle,HINDAVI CIRCLE,1087,71
788591737,ShekhAli777,Shekh Ali,887,78
1629868032662160000,Vinayak_sia,Vinayak Kamble,265,15
1534925412819560000,aruptweeet,Arup Banerjee,5001,253
1636363824063470000,AGK160193,Akash K,273,6
1180177391768870000,wtfjatta,Jassie,1225,54
1621054794512350000,LucknowCityy,ali,51,7
1630426469901160000,netwebix,Netwebix,33,2
1450434534307090000,amitkum09989816,amykuma,1249,20
1598258583572920000,diya_jhaa,diya üê¶üê¶,541,199
1633535815719470000,justcharles100,Charles|Email guy,84,10
1590416414006910000,JeeRamratan,DR.SAHEB,1081,48
1363032490470850000,HarshSi40874879,Harsh,137,4
1623202515117570000,ddadu7378,dadapeer dadu,113,2
1636013505643150000,Kabilan16547268,Kabilan,184,13
1390845944804030000,ChikodiCosmos,GODWIN COSMOS üë®‚Äçüíª,775,87
1635216400078780000,Eaglecapital256,EagleCapital Africa,642,37
1556286399745180000,thisis_nc_,Nishanth Chandra,308,14
1339435230495710000,Jermia20201,Jermia@2020,4201,307
1257178588358540000,Hardiik_7,Hardik Rathod,1264,32
1560577671339240000,blogging_helps,"BloggingHelps - Learn, create, and inspire",1320,160
950763668072886000,MaheshJadhavbgm,Mahesh Jadhav,2873,1732
1648879015,UUsmantk,usmantk,778,13
1489689304452710000,khurpenchh,‡§ñ‡•Å‡§∞‡§™‡•á‡§Ç‡§ö,3729,2099
1636580987642550000,Dating4040,Dating at Forty,40,2
1585290354160720000,__SDhere,Siddharth,409,21
16362321,chandrarsrikant,Chandra R. Srikanth,2370,116314
2708715396,nikhilkamathcio,Nikhil Kamath,358,230201
2357514276,letsblinkit,Blinkit,773,61822
122927740,drriteshmalik,Dr Ritesh Malik,2675,34826
1132151165410450000,amuldotexe,amul.exe,3837,15817
404757585,chiaseedpuddin,harnidh.eth,2520,35948
80682309,vinaykrsinghal,Vinay Singhal (stage.in),3069,9649
105757080,ragingdas,Ragini Das,1157,8347
12893512,elegantlywasted,Rahul Ganjoo,534,11460
296690998,vivekraju93,Vivek Raju,1619,23477
59830258,KapilChopra72,Kapil Chopra,1004,17709
325488932,LiveFromALounge,Ajay Awtaney,2968,27877
1607732956566790000,ErAbhishekRath2,Er Abhishek kishor,389,26
1222795928567810000,JJ_JK_SSH,SSH üáÆüá≥ü™∑,493,318
2676788940,richataurine008,richa pandey,198,26
1336986771096210000,_jenillakhani_,Jenil Lakhani,200,12
1346495017506930000,achint_05,achint,843,338
1026414477170950000,M04SA_,Md Salman Ashrafi,441,631
1637745972997390000,AJAYCHA84354691,AJAY CHAUHAN,9,0
1637693823055790000,Praveen73067281,Praveen Kumar,1,0
2741740722,VinitMandlesha,Vinit Mandlesha,720,57
1602518896292020000,dhanu30562933,dhanu,21,2
1628010495411120000,CharanB89829499,Charan B,7,0
1527685436726180000,RakeshK45834818,Rakesh Singh,654,23
1417052422778740000,BhaiOjitu,oJitu Bhai,16,0
1589712064410360000,kumarsisodia21,kumar sisodia,23,5
192812231,dineshsethi99,Dinesh Sethi,2722,250
1636821086904950000,Himansh85115794,Himanshu Asthana,10,0
1625780793930020000,babadham1800,BabaDham Trust official,493,18
261117799,sahajveer1,Sahajveer Anand,83,22
1567355484205880000,AshishS93191429,Ashish Srivastava,14,0
1581133703907930000,IPSingh75494532,I. P. Singh,1827,86
1496505998261060000,SMGrowthHacker,Omar H.,2017,657
834969776,deveshnsingh,Devesh Pratap Singh,614,56
1636664426546750000,TusharUpstart,Tushar Kothari,67,6
1636919481762040000,SatpalKuma62984,Satpal Kumar,17,0
2246609342,ThakurRamanji,Ramanji Thakur,464,62
1636785768428440000,ManshiS28450210,Manshi Shukla,44,8
897502104654196000,KumarAnuj90,Anuj Kumar,952,80
1636762974340940000,amanchopra63487,aman chopra,50,5
1584974999261430000,Gauravgshorts,Gaurav G Shorts,3,6
1484752114752820000,bittoo_bhargava,@bhargava_bittoo,240,9
1499720733056200000,SHAHRUK01451413,SHAHRUKH KHAN,8,1
319045233,ajeetinfo003,AJeet ThaKur,91,22
1382856050047470000,_Kashified_,Mohammad Kashif Khan,270,1
1570036594954080000,Manikprajapati_,Manik Prajapati,300,89
260762048,ajitraner_10,Ajit Raner,84,186
796432095178428000,keshavgugnani,Keshav Gugnani,492,64
1509233076811210000,AnokhaRani,Anokha Rani,625,988
174029702,srinivas1825,Srinivas M,3507,216
1447802790529560000,HarshJh01241783,Harsh Jha,82,5
1499454827046190000,ShivamA82473638,Shivam Agarwal,107,3
1631894254766170000,dataanalysis18,data analysis,434,0
1617351618202330000,sriram23012023,Sriram,68,0
1634139116613900000,trosnowonline,Tros Now,64,1
2537970906,PrabalAggarwaI,Prabal Aggarwal,132,43
1480055940774640000,KaulDivij,Divij Kaul,424,193
1636335358781560000,KavitGupta44779,Kavit Gupta,4,0
858498278752632000,StonerFPL,Stoner FPL üá∫üá¶,763,569
1408349225495060000,RaySrijon,Srijon Ray,166,1
1524290293,chiragpuri23,Chirag Puri,582,102
1388063301972620000,ronaknotes,Ronak Panchal,202,6
122984046,msathish024,Sathishkumar Manoharan,1522,178
1604213540910370000,rd555118,Rohit Diwakar,7,0
1617594546938050000,vijaykh91528193,vijay khichi,2,1
919433048940101000,KunwarPrabhu,Prabhu Kunwar Singh,146,55
1245688976976930000,PraneethPeddi3,Praneeth Peddi,53,11
1591375818579640000,Anshwasthere,Ansh,87,5
1551046808360860000,AADILRA25383405,AADIL RAJA,3,0
1328412900386430000,ShyamChander14,Shyam Chander,112,3
1149130101033880000,GoHubChomp,üêâ MeteorAsh15 üêâ,1449,260
1635906437913210000,mansuri_sh76241,Shahid Mansuri,106,6
3013901546,Loveksagar,Kamal Sagar,298,86
342915325,Kansdtweet,Kannadhasan,1972,119
1085936128589380000,dipendragiri_04,Dipendra Giri,161,19
1624164482472890000,VivekRaj1993jsr,Vivek Raj,84,2
971741691551117000,itarunmeena,Tarun Kumar Meena,2641,98
1455399859708590000,rahulagrawalcom,Rahul Agrawal,334,63
1263287756651990000,NileshRSPatida1,Nilesh RS Patidar,106,4
1117547702,iamBKMehta,Bhavik Mehta,190,359
1530624384263950000,realestshah11,Saineeraj kalizham,75,7
1521368426492480000,akkaura8,ak kaura,3387,331
1279615182,funnyyaz,KNIGHT OF LAGOS,338,28
1635342888728150000,Sahilchawat,Sahil Jain,256,18
812213461459443000,MANDEEP92377999,MANNDEEP MEHRA,3226,146
1043882795062490000,anuragsinha__,Anurag,85,33
2228584632,DigitalVJR,Vijay Ratheeüìà,11419,15999
1633545669356190000,buriburiza3mon,Sneha Mourya,85,6
754245899082051000,icecoldinstinct,ThierryTrey,187,56
741451495682375000,ashish66480,Ashish Gupta,85,18
2862212456,drgaurav09ias,"Dr. Gaurav Dahiya , IAS",1723,1713
1270683343709890000,jainchawalwale,not the restaurant in cp,1409,43
1065125226520940000,ananyakhare7,Ananya Khare,754,162
1132306245224840000,SriramsaitejaN,CA CMA Sriramsaiteja Nallamalli,223,7
1226070083329350000,AamirAhmad534,Aamir Ahmad,430,43
1624633690562370000,SahilAg91088162,Sahil Agarwal,179,3
1633069990059330000,dhyeydodia,Dhyey R. Dodia,208,12
1634945272508730000,CharanK1212,Charan Kumar,27,1
1404653565944020000,SagarKu88946146,Sagar jaiswal 8595,158,8
1561403820944780000,Deeprajsaha21,Deepraj Saha,228,5
1589323700268040000,mgupta0807,Mohit Gupta,197,29
1551406884879360000,Sandeep07361177,‚ù§Ô∏è‚ù§Ô∏èSandeep Vishwakarma‚ù§Ô∏è‚ù§Ô∏è,2369,420
1580189556166430000,lalitku45018419,lalit kumar,11,0
1634765321470110000,Lokeshvarmag1,Lokeshvarmag,32,3
1634694572659060000,MohitSawlani57,Mohit Sawlani,37,2
1633161812504890000,BSalemula,Babaji Salemula,11,0
1181657603773880000,SURESHN38726347,Suresh N,102,5
938578131408928000,chaildishh,.,1342,20
1573233461258610000,Amankum87418565,Aman kumar,664,10
1521434514009950000,Malaram31817277,Malaram Dewasi,1027,40
1634211307783150000,PinksaltP,Papasays Pinksalt,61,0
731440727507357000,Ranjeet84681892,Ranjeet,1344,125
1632250416674240000,Sumit1750888,Sumit,155,11
991870478372425000,Tanweer_sidd,Tanweer Sidd,62,12
981782200545755000,nidhayephand,Nidhaye Phand,254,44
1484175222135980000,thesubhanfarid,Subhan Farid,75,64
1634306021890850000,Ompines,B-Run (-),238,10
978887341375934000,AnilBhartiskpr,Anil Bharti,4291,529
1398367398919500000,ss2oo3,Shreshth Sharma,774,47
91746903,sunnythecs,KUMAR PRAKASH,569,65
4514234667,harshdotexe,Harry,358,14
1391627392385390000,Kunwar2026,k.k,130,2
1219888824362220000,AnilKum96608158,Anil sahu,390,17
1624747992757700000,Narayan45812598,Martandaverman Anantaverman Vardharajan,426,44
1220912043248600000,Md_Sonu_2002,MD SONU,270,9
1324599051170370000,keshavchan,keshav,254,3973
1618182048770050000,DeepakS17840573,Deepak Solanki,44,0
137604299,namannarula,Naman Narula,460,200
1629298345868160000,MohdAliPasha7,Mohd. Ali Pasha,1187,51
1049484192,HazeZep,Priya,232,1
1633574637920450000,KelvinEzirim,kelvin ezirim,233,12
191116306,yatisuri,yati,189,111
798753251961077000,rahulktarya5652,RAHUL KTARIYA,108,13
1360075100133890000,Virendr84406632,Virendra Kumar,118,5
810805457535324000,kkroyalfinance7,Jitendra Singh,99,13
1525065881612860000,AnishDabhane,Anish Dabhane,70,2
3247547430,Supeerrmann,Superman,42,18
1479662869599770000,Gnanambigai17,lonely soul,4,0
1343610071314360000,N___titled,n_titled,168,10
1393985239261790000,rejachyblogs,Rejachyblogs,326,3
1414698571706900000,AkhilManiVerma1,Nihal Verma,4284,286
897401171186303000,KrShamanth,Shamanth KR,148,2
2902428944,rajbal3ndra,theelkingt‚óénway.eth,76,98
1567576752230360000,ashishronyar,Ashish Ronyar,97,8
1381269849163190000,Suryaka12483164,Suryakanta Sahoo,78,13
46828668,hazraratul,Ratul Hazra,341,27
2531819095,skyfox0001,Aditya Garg,34,0
47175019,nahar_abhishek,Abhishek Nahar,1692,180
4695912518,vivekm1857,Vivek manjunath,1008,1247
1485546555252030000,aakashr45444661,aakash rajpoot,227,12
1564926141571670000,NoName29117098,No Name,165,8
1422664556837430000,heyshubhamgupta,Shubham Gupta,601,1516
1102630016527920000,the_eternal_guy,Amar Singh,570,86
295794222,Brijesh_Raj,Brijesh,213,32
805630586199089000,RexArockia,Arockia Rex,74,15
1139139823757750000,ethirani,Ethirani,50,32
53971988,h_anup,anup,312,22
2475325496,Anubhav98765,Anubhav Sharma,322,30
1622119639215140000,ManishR87500,Manish Rathore,41,1
1070466828303020000,MatanhailH,Matanhail Hygiene,655,32
63461543,iSourabhJoshi,CA Sourabh Joshi,1899,888
1206776573367480000,shahparth99,Parth Shah üáÆüá≥,600,17
1411178683788790000,grixawol,gariman,100,16
1632985452637710000,SharanGv4,Sharan G v,23,2
1397508150610240000,shi_vam07,Shivam,99,5
364180407,shekhawatkishan,Kishan Shekhawat,158,108
1632959719026440000,PARASF63721386,PARA SF,16,0
1632965442414290000,Lalanyadav99,Lalan Yadav,70,2
1481698225232880000,Jenil378,Jenil,489,8
4717774519,99gurdarshan,gurdarshan bhandohal,1679,85
1425481160612710000,KamalKumar173,Kamal Kumar,292,19
1562515640573120000,Surajkumar0407,Suraj Kumar jha,518,35
2416987094,In_AnkitSingla,Ankit Singla,5001,736
141664648,JohnCena,John Cena,562247,14114903
807823048552448000,Ooviyan31,oviyan_official,688,34
1420796722674950000,Aish_AkR,Ashish_Rajwansh,407,12
1127614327299590000,Vidhi__Jain_,Vidhi Jain,216,17
1389327875996710000,jamaalgota_,chandu ka chacha,35,45
714831085721493000,bh_subbaraju,Subbaraju BH,249,30
1425133308669680000,RaviM58607183,Ravi kiran,96,3
102091475,jdiitk,Jaideep Bedi,48,3
1572245173412980000,InderPr21941665,Inder Prakash,99,1
